Base Name,URL
Eielson AFB,https://installations.militaryonesource.mil/military-installation/eielson-afb/child-and-youth-services/child-and-youth-programs
Elmendorf AFB,https://installations.militaryonesource.mil/military-installation/elmendorf-afb/child-and-youth-services/child-and-youth-programs
Fort Richardson,https://installations.militaryonesource.mil/military-installation/fort-richardson/child-and-youth-services/child-and-youth-programs
Fort Wainwright,https://installations.militaryonesource.mil/military-installation/fort-wainwright/child-and-youth-services/child-and-youth-programs
Anniston Army Depot,https://installations.militaryonesource.mil/military-installation/anniston-army-depot/child-and-youth-services/child-and-youth-programs
Fort Novosel,https://installations.militaryonesource.mil/military-installation/fort-novosel/child-and-youth-services/child-and-youth-programs
Maxwell AFB,https://installations.militaryonesource.mil/military-installation/maxwell-afb/child-and-youth-services/child-and-youth-programs
Maxwell AFB Gunter Annex,https://installations.militaryonesource.mil/military-installation/maxwell-afb-gunter-annex/child-and-youth-services/child-and-youth-programs
Redstone Arsenal,https://installations.militaryonesource.mil/military-installation/redstone-arsenal/child-and-youth-services/child-and-youth-programs
Little Rock Air Force Base,https://installations.militaryonesource.mil/military-installation/little-rock-air-force-base/child-and-youth-services/child-and-youth-programs
Pine Bluff Arsenal,https://installations.militaryonesource.mil/military-installation/pine-bluff-arsenal/child-and-youth-services/child-and-youth-programs
Davis-Monthan Air Force Base,https://installations.militaryonesource.mil/military-installation/davis-monthan-air-force-base/child-and-youth-services/child-and-youth-programs
Fort Huachuca,https://installations.militaryonesource.mil/military-installation/fort-huachuca/child-and-youth-services/child-and-youth-programs
Luke AFB,https://installations.militaryonesource.mil/military-installation/luke-afb/child-and-youth-services/child-and-youth-programs
Marine Corps Air Station Yuma,https://installations.militaryonesource.mil/military-installation/marine-corps-air-station-yuma/child-and-youth-services/child-and-youth-programs
Yuma Proving Ground,https://installations.militaryonesource.mil/military-installation/yuma-proving-ground/child-and-youth-services/child-and-youth-programs
Beale AFB,https://installations.militaryonesource.mil/military-installation/beale-afb/child-and-youth-services/child-and-youth-programs
Edwards AFB,https://installations.militaryonesource.mil/military-installation/edwards-afb/child-and-youth-services/child-and-youth-programs
Fort Irwin,https://installations.militaryonesource.mil/military-installation/fort-irwin/child-and-youth-services/child-and-youth-programs
Los Angeles SFB,https://installations.militaryonesource.mil/military-installation/los-angeles-sfb/child-and-youth-services/child-and-youth-programs
March ARB,https://installations.militaryonesource.mil/military-installation/march-arb/child-and-youth-services/child-and-youth-programs
Marine Corps Air Ground Combat Center Twentynine Palms,https://installations.militaryonesource.mil/military-installation/marine-corps-air-ground-combat-center-twentynine-palms/child-and-youth-services/child-and-youth-programs
Marine Corps Air Station Miramar,https://installations.militaryonesource.mil/military-installation/marine-corps-air-station-miramar/child-and-youth-services/child-and-youth-programs
Marine Corps Base Camp Pendleton,https://installations.militaryonesource.mil/military-installation/marine-corps-base-camp-pendleton/child-and-youth-services/child-and-youth-programs
Marine Corps Logistics Base Barstow,https://installations.militaryonesource.mil/military-installation/marine-corps-logistics-base-barstow/child-and-youth-services/child-and-youth-programs
Marine Corps Mountain Warfare Training Center (MWTC),https://installations.militaryonesource.mil/military-installation/marine-corps-mountain-warfare-training-center-(mwtc)/child-and-youth-services/child-and-youth-programs
Marine Corps Recruit Depot San Diego,https://installations.militaryonesource.mil/military-installation/marine-corps-recruit-depot-san-diego/child-and-youth-services/child-and-youth-programs
Naval Air Facility El Centro,https://installations.militaryonesource.mil/military-installation/naval-air-facility-el-centro/child-and-youth-services/child-and-youth-programs
Naval Air Station Lemoore,https://installations.militaryonesource.mil/military-installation/naval-air-station-lemoore/child-and-youth-services/child-and-youth-programs
Naval Air Station North Island,https://installations.militaryonesource.mil/military-installation/naval-air-station-north-island/child-and-youth-services/child-and-youth-programs
Naval Air Warfare Center China Lake,https://installations.militaryonesource.mil/military-installation/naval-air-warfare-center-china-lake/child-and-youth-services/child-and-youth-programs
Naval Base Point Loma,https://installations.militaryonesource.mil/military-installation/naval-base-point-loma/child-and-youth-services/child-and-youth-programs
Naval Base San Diego,https://installations.militaryonesource.mil/military-installation/naval-base-san-diego/child-and-youth-services/child-and-youth-programs
Naval Base Ventura County,https://installations.militaryonesource.mil/military-installation/naval-base-ventura-county/child-and-youth-services/child-and-youth-programs
Naval Support Activity Monterey,https://installations.militaryonesource.mil/military-installation/naval-support-activity-monterey/child-and-youth-services/child-and-youth-programs
Naval Weapons Station Seal Beach,https://installations.militaryonesource.mil/military-installation/naval-weapons-station-seal-beach/child-and-youth-services/child-and-youth-programs
Presidio of Monterey (DLI/FLC),https://installations.militaryonesource.mil/military-installation/presidio-of-monterey-(dli/flc)/child-and-youth-services/child-and-youth-programs
Travis Air Force Base,https://installations.militaryonesource.mil/military-installation/travis-air-force-base/child-and-youth-services/child-and-youth-programs
Vandenberg SFB,https://installations.militaryonesource.mil/military-installation/vandenberg-sfb/child-and-youth-services/child-and-youth-programs
Buckley SFB,https://installations.militaryonesource.mil/military-installation/buckley-sfb/child-and-youth-services/child-and-youth-programs
Cheyenne Mountain Space Force Station,https://installations.militaryonesource.mil/military-installation/cheyenne-mountain-space-force-station/child-and-youth-services/child-and-youth-programs
Fort Carson,https://installations.militaryonesource.mil/military-installation/fort-carson/child-and-youth-services/child-and-youth-programs
Peterson SFB,https://installations.militaryonesource.mil/military-installation/peterson-sfb/child-and-youth-services/child-and-youth-programs
Schriever SFB,https://installations.militaryonesource.mil/military-installation/schriever-sfb/child-and-youth-services/child-and-youth-programs
USAF Academy,https://installations.militaryonesource.mil/military-installation/usaf-academy/child-and-youth-services/child-and-youth-programs
Naval Submarine Base New London,https://installations.militaryonesource.mil/military-installation/naval-submarine-base-new-london/child-and-youth-services/child-and-youth-programs
Joint Base Anacostia-Bolling,https://installations.militaryonesource.mil/military-installation/joint-base-anacostia-bolling/child-and-youth-services/child-and-youth-programs
Naval Support Activity Washington,https://installations.militaryonesource.mil/military-installation/naval-support-activity-washington/child-and-youth-services/child-and-youth-programs
Pentagon,https://installations.militaryonesource.mil/military-installation/pentagon/child-and-youth-services/child-and-youth-programs
Dover AFB,https://installations.militaryonesource.mil/military-installation/dover-afb/child-and-youth-services/child-and-youth-programs
Eglin AFB,https://installations.militaryonesource.mil/military-installation/eglin-afb/child-and-youth-services/child-and-youth-programs
Hurlburt Fld,https://installations.militaryonesource.mil/military-installation/hurlburt-fld/child-and-youth-services/child-and-youth-programs
Macdill AFB,https://installations.militaryonesource.mil/military-installation/macdill-afb/child-and-youth-services/child-and-youth-programs
Naval Air Station Jacksonville,https://installations.militaryonesource.mil/military-installation/naval-air-station-jacksonville/child-and-youth-services/child-and-youth-programs
Naval Air Station Key West,https://installations.militaryonesource.mil/military-installation/naval-air-station-key-west/child-and-youth-services/child-and-youth-programs
Naval Air Station Pensacola,https://installations.militaryonesource.mil/military-installation/naval-air-station-pensacola/child-and-youth-services/child-and-youth-programs
Naval Air Station Whiting Field,https://installations.militaryonesource.mil/military-installation/naval-air-station-whiting-field/child-and-youth-services/child-and-youth-programs
Naval Station Mayport,https://installations.militaryonesource.mil/military-installation/naval-station-mayport/child-and-youth-services/child-and-youth-programs
Naval Support Activity Orlando,https://installations.militaryonesource.mil/military-installation/naval-support-activity-orlando/child-and-youth-services/child-and-youth-programs
Naval Support Activity Panama City,https://installations.militaryonesource.mil/military-installation/naval-support-activity-panama-city/child-and-youth-services/child-and-youth-programs
Patrick SFB,https://installations.militaryonesource.mil/military-installation/patrick-sfb/child-and-youth-services/child-and-youth-programs
Tyndall AFB,https://installations.militaryonesource.mil/military-installation/tyndall-afb/child-and-youth-services/child-and-youth-programs
U.S. Southern Command (SOUTHCOM),https://installations.militaryonesource.mil/military-installation/u.s.-southern-command-(southcom)/child-and-youth-services/child-and-youth-programs
Fort Eisenhower,https://installations.militaryonesource.mil/military-installation/fort-eisenhower/child-and-youth-services/child-and-youth-programs
Fort Moore,https://installations.militaryonesource.mil/military-installation/fort-moore/child-and-youth-services/child-and-youth-programs
Fort Stewart,https://installations.militaryonesource.mil/military-installation/fort-stewart/child-and-youth-services/child-and-youth-programs
Hunter Army Airfield,https://installations.militaryonesource.mil/military-installation/hunter-army-airfield/child-and-youth-services/child-and-youth-programs
Marine Corps Logistics Base Albany,https://installations.militaryonesource.mil/military-installation/marine-corps-logistics-base-albany/child-and-youth-services/child-and-youth-programs
Moody AFB,https://installations.militaryonesource.mil/military-installation/moody-afb/child-and-youth-services/child-and-youth-programs
Naval Submarine Base Kings Bay,https://installations.militaryonesource.mil/military-installation/naval-submarine-base-kings-bay/child-and-youth-services/child-and-youth-programs
Robins AFB,https://installations.militaryonesource.mil/military-installation/robins-afb/child-and-youth-services/child-and-youth-programs
Joint Base Pearl Harbor-Hickam,https://installations.militaryonesource.mil/military-installation/joint-base-pearl-harbor-hickam/child-and-youth-services/child-and-youth-programs
Marine Corps Base Camp Smith,https://installations.militaryonesource.mil/military-installation/marine-corps-base-camp-smith/child-and-youth-services/child-and-youth-programs
Marine Corps Base Hawaii,https://installations.militaryonesource.mil/military-installation/marine-corps-base-hawaii/child-and-youth-services/child-and-youth-programs
Schofield Barracks,https://installations.militaryonesource.mil/military-installation/schofield-barracks/child-and-youth-services/child-and-youth-programs
Tripler Army Medical Center,https://installations.militaryonesource.mil/military-installation/tripler-army-medical-center/child-and-youth-services/child-and-youth-programs
Mountain Home AFB,https://installations.militaryonesource.mil/military-installation/mountain-home-afb/child-and-youth-services/child-and-youth-programs
Naval Station Great Lakes,https://installations.militaryonesource.mil/military-installation/naval-station-great-lakes/child-and-youth-services/child-and-youth-programs
Rock Island Arsenal,https://installations.militaryonesource.mil/military-installation/rock-island-arsenal/child-and-youth-services/child-and-youth-programs
Scott Air Force Base,https://installations.militaryonesource.mil/military-installation/scott-air-force-base/child-and-youth-services/child-and-youth-programs
Naval Surface Warfare Center Crane,https://installations.militaryonesource.mil/military-installation/naval-surface-warfare-center-crane/child-and-youth-services/child-and-youth-programs
Fort Leavenworth,https://installations.militaryonesource.mil/military-installation/fort-leavenworth/child-and-youth-services/child-and-youth-programs
Fort Riley,https://installations.militaryonesource.mil/military-installation/fort-riley/child-and-youth-services/child-and-youth-programs
McConnell AFB,https://installations.militaryonesource.mil/military-installation/mcconnell-afb/child-and-youth-services/child-and-youth-programs
Fort Campbell,https://installations.militaryonesource.mil/military-installation/fort-campbell/child-and-youth-services/child-and-youth-programs
Fort Knox,https://installations.militaryonesource.mil/military-installation/fort-knox/child-and-youth-services/child-and-youth-programs
Barksdale Air Force Base,https://installations.militaryonesource.mil/military-installation/barksdale-air-force-base/child-and-youth-services/child-and-youth-programs
Fort Johnson,https://installations.militaryonesource.mil/military-installation/fort-johnson/child-and-youth-services/child-and-youth-programs
Naval Air Station Joint Reserve Base New Orleans,https://installations.militaryonesource.mil/military-installation/naval-air-station-joint-reserve-base-new-orleans/child-and-youth-services/child-and-youth-programs
Hanscom AFB,https://installations.militaryonesource.mil/military-installation/hanscom-afb/child-and-youth-services/child-and-youth-programs
Natick Soldier Systems Center (NSSC),https://installations.militaryonesource.mil/military-installation/natick-soldier-systems-center-(nssc)/child-and-youth-services/child-and-youth-programs
Westover ARB,https://installations.militaryonesource.mil/military-installation/westover-arb/child-and-youth-services/child-and-youth-programs
Aberdeen Proving Ground,https://installations.militaryonesource.mil/military-installation/aberdeen-proving-ground/child-and-youth-services/child-and-youth-programs
Forest Glen Annex,https://installations.militaryonesource.mil/military-installation/forest-glen-annex/child-and-youth-services/child-and-youth-programs
Fort Detrick,https://installations.militaryonesource.mil/military-installation/fort-detrick/child-and-youth-services/child-and-youth-programs
Fort George G Meade,https://installations.militaryonesource.mil/military-installation/fort-george-g-meade/child-and-youth-services/child-and-youth-programs
Joint Base Andrews - Naval Air Facility Washington,https://installations.militaryonesource.mil/military-installation/joint-base-andrews---naval-air-facility-washington/child-and-youth-services/child-and-youth-programs
Naval Air Station Patuxent River,https://installations.militaryonesource.mil/military-installation/naval-air-station-patuxent-river/child-and-youth-services/child-and-youth-programs
Naval Support Activity Annapolis - U.S. Naval Academy,https://installations.militaryonesource.mil/military-installation/naval-support-activity-annapolis---u.s.-naval-academy/child-and-youth-services/child-and-youth-programs
Naval Support Activity Bethesda,https://installations.militaryonesource.mil/military-installation/naval-support-activity-bethesda/child-and-youth-services/child-and-youth-programs
Naval Support Activity Indian Head,https://installations.militaryonesource.mil/military-installation/naval-support-activity-indian-head/child-and-youth-services/child-and-youth-programs
Portsmouth Naval Shipyard,https://installations.militaryonesource.mil/military-installation/portsmouth-naval-shipyard/child-and-youth-services/child-and-youth-programs
Fort Leonard Wood,https://installations.militaryonesource.mil/military-installation/fort-leonard-wood/child-and-youth-services/child-and-youth-programs
Whiteman AFB,https://installations.militaryonesource.mil/military-installation/whiteman-afb/child-and-youth-services/child-and-youth-programs
Columbus AFB,https://installations.militaryonesource.mil/military-installation/columbus-afb/child-and-youth-services/child-and-youth-programs
Keesler AFB,https://installations.militaryonesource.mil/military-installation/keesler-afb/child-and-youth-services/child-and-youth-programs
Naval Air Station Meridian,https://installations.militaryonesource.mil/military-installation/naval-air-station-meridian/child-and-youth-services/child-and-youth-programs
Naval Construction Battalion Center Gulfport,https://installations.militaryonesource.mil/military-installation/naval-construction-battalion-center-gulfport/child-and-youth-services/child-and-youth-programs
Malmstrom Air Force Base,https://installations.militaryonesource.mil/military-installation/malmstrom-air-force-base/child-and-youth-services/child-and-youth-programs
Camp Lejeune,https://installations.militaryonesource.mil/military-installation/camp-lejeune/child-and-youth-services/child-and-youth-programs
Fort Liberty,https://installations.militaryonesource.mil/military-installation/fort-liberty/child-and-youth-services/child-and-youth-programs
Marine Corps Air Station Cherry Point,https://installations.militaryonesource.mil/military-installation/marine-corps-air-station-cherry-point/child-and-youth-services/child-and-youth-programs
Pope Army Airfield,https://installations.militaryonesource.mil/military-installation/pope-army-airfield/child-and-youth-services/child-and-youth-programs
Seymour Johnson AFB,https://installations.militaryonesource.mil/military-installation/seymour-johnson-afb/child-and-youth-services/child-and-youth-programs
Grand Forks AFB,https://installations.militaryonesource.mil/military-installation/grand-forks-afb/child-and-youth-services/child-and-youth-programs
Minot AFB,https://installations.militaryonesource.mil/military-installation/minot-afb/child-and-youth-services/child-and-youth-programs
Offutt AFB,https://installations.militaryonesource.mil/military-installation/offutt-afb/child-and-youth-services/child-and-youth-programs
Fort Dix,https://installations.militaryonesource.mil/military-installation/fort-dix/child-and-youth-services/child-and-youth-programs
McGuire AFB,https://installations.militaryonesource.mil/military-installation/mcguire-afb/child-and-youth-services/child-and-youth-programs
Naval Air Engineering Station Lakehurst,https://installations.militaryonesource.mil/military-installation/naval-air-engineering-station-lakehurst/child-and-youth-services/child-and-youth-programs
Naval Weapons Station Earle,https://installations.militaryonesource.mil/military-installation/naval-weapons-station-earle/child-and-youth-services/child-and-youth-programs
Picatinny Arsenal,https://installations.militaryonesource.mil/military-installation/picatinny-arsenal/child-and-youth-services/child-and-youth-programs
Cannon AFB,https://installations.militaryonesource.mil/military-installation/cannon-afb/child-and-youth-services/child-and-youth-programs
Holloman AFB,https://installations.militaryonesource.mil/military-installation/holloman-afb/child-and-youth-services/child-and-youth-programs
Kirtland AFB,https://installations.militaryonesource.mil/military-installation/kirtland-afb/child-and-youth-services/child-and-youth-programs
White Sands Missile Range,https://installations.militaryonesource.mil/military-installation/white-sands-missile-range/child-and-youth-services/child-and-youth-programs
Creech AFB,https://installations.militaryonesource.mil/military-installation/creech-afb/child-and-youth-services/child-and-youth-programs
Naval Air Station Fallon,https://installations.militaryonesource.mil/military-installation/naval-air-station-fallon/child-and-youth-services/child-and-youth-programs
Nellis AFB,https://installations.militaryonesource.mil/military-installation/nellis-afb/child-and-youth-services/child-and-youth-programs
Nellis Air Force Range,https://installations.militaryonesource.mil/military-installation/nellis-air-force-range/child-and-youth-services/child-and-youth-programs
Fort Drum,https://installations.militaryonesource.mil/military-installation/fort-drum/child-and-youth-services/child-and-youth-programs
Fort Hamilton,https://installations.militaryonesource.mil/military-installation/fort-hamilton/child-and-youth-services/child-and-youth-programs
Naval Support Activity Saratoga Springs,https://installations.militaryonesource.mil/military-installation/naval-support-activity-saratoga-springs/child-and-youth-services/child-and-youth-programs
United States Military Academy at West Point,https://installations.militaryonesource.mil/military-installation/united-states-military-academy-at-west-point/child-and-youth-services/child-and-youth-programs
Wright-Patterson AFB,https://installations.militaryonesource.mil/military-installation/wright-patterson-afb/child-and-youth-services/child-and-youth-programs
Altus AFB,https://installations.militaryonesource.mil/military-installation/altus-afb/child-and-youth-services/child-and-youth-programs
Fort Sill,https://installations.militaryonesource.mil/military-installation/fort-sill/child-and-youth-services/child-and-youth-programs
McAlester Army Ammunition Plant,https://installations.militaryonesource.mil/military-installation/mcalester-army-ammunition-plant/child-and-youth-services/child-and-youth-programs
Tinker AFB,https://installations.militaryonesource.mil/military-installation/tinker-afb/child-and-youth-services/child-and-youth-programs
Vance AFB,https://installations.militaryonesource.mil/military-installation/vance-afb/child-and-youth-services/child-and-youth-programs
Carlisle Barracks,https://installations.militaryonesource.mil/military-installation/carlisle-barracks/child-and-youth-services/child-and-youth-programs
Naval Support Activity Mechanicsburg,https://installations.militaryonesource.mil/military-installation/naval-support-activity-mechanicsburg/child-and-youth-services/child-and-youth-programs
Naval Support Activity Philadelphia,https://installations.militaryonesource.mil/military-installation/naval-support-activity-philadelphia/child-and-youth-services/child-and-youth-programs
Tobyhanna Army Depot,https://installations.militaryonesource.mil/military-installation/tobyhanna-army-depot/child-and-youth-services/child-and-youth-programs
Naval Station Newport,https://installations.militaryonesource.mil/military-installation/naval-station-newport/child-and-youth-services/child-and-youth-programs
Charleston AFB,https://installations.militaryonesource.mil/military-installation/charleston-afb/child-and-youth-services/child-and-youth-programs
Fort Jackson,https://installations.militaryonesource.mil/military-installation/fort-jackson/child-and-youth-services/child-and-youth-programs
Marine Corps Air Station Beaufort,https://installations.militaryonesource.mil/military-installation/marine-corps-air-station-beaufort/child-and-youth-services/child-and-youth-programs
Marine Corps Recruit Depot Parris Island,https://installations.militaryonesource.mil/military-installation/marine-corps-recruit-depot-parris-island/child-and-youth-services/child-and-youth-programs
Naval Weapons Station Charleston,https://installations.militaryonesource.mil/military-installation/naval-weapons-station-charleston/child-and-youth-services/child-and-youth-programs
Shaw AFB,https://installations.militaryonesource.mil/military-installation/shaw-afb/child-and-youth-services/child-and-youth-programs
Ellsworth AFB,https://installations.militaryonesource.mil/military-installation/ellsworth-afb/child-and-youth-services/child-and-youth-programs
Arnold AFB,https://installations.militaryonesource.mil/military-installation/arnold-afb/child-and-youth-services/child-and-youth-programs
Naval Support Activity Mid-South,https://installations.militaryonesource.mil/military-installation/naval-support-activity-mid-south/child-and-youth-services/child-and-youth-programs
Camp Bullis,https://installations.militaryonesource.mil/military-installation/camp-bullis/child-and-youth-services/child-and-youth-programs
Dyess AFB,https://installations.militaryonesource.mil/military-installation/dyess-afb/child-and-youth-services/child-and-youth-programs
Fort Bliss,https://installations.militaryonesource.mil/military-installation/fort-bliss/child-and-youth-services/child-and-youth-programs
Fort Cavazos,https://installations.militaryonesource.mil/military-installation/fort-cavazos/child-and-youth-services/child-and-youth-programs
Fort Sam Houston,https://installations.militaryonesource.mil/military-installation/fort-sam-houston/child-and-youth-services/child-and-youth-programs
Goodfellow AFB,https://installations.militaryonesource.mil/military-installation/goodfellow-afb/child-and-youth-services/child-and-youth-programs
Lackland AFB,https://installations.militaryonesource.mil/military-installation/lackland-afb/child-and-youth-services/child-and-youth-programs
Laughlin AFB,https://installations.militaryonesource.mil/military-installation/laughlin-afb/child-and-youth-services/child-and-youth-programs
Naval Air Station and Joint Reserve Base Fort Worth,https://installations.militaryonesource.mil/military-installation/naval-air-station-and-joint-reserve-base-fort-worth/child-and-youth-services/child-and-youth-programs
Naval Air Station Corpus Christi,https://installations.militaryonesource.mil/military-installation/naval-air-station-corpus-christi/child-and-youth-services/child-and-youth-programs
Naval Air Station Kingsville,https://installations.militaryonesource.mil/military-installation/naval-air-station-kingsville/child-and-youth-services/child-and-youth-programs
Randolph AFB,https://installations.militaryonesource.mil/military-installation/randolph-afb/child-and-youth-services/child-and-youth-programs
Red River Army Depot,https://installations.militaryonesource.mil/military-installation/red-river-army-depot/child-and-youth-services/child-and-youth-programs
Sheppard AFB,https://installations.militaryonesource.mil/military-installation/sheppard-afb/child-and-youth-services/child-and-youth-programs
Dugway Proving Ground,https://installations.militaryonesource.mil/military-installation/dugway-proving-ground/child-and-youth-services/child-and-youth-programs
Hill AFB,https://installations.militaryonesource.mil/military-installation/hill-afb/child-and-youth-services/child-and-youth-programs
Fort Belvoir,https://installations.militaryonesource.mil/military-installation/fort-belvoir/child-and-youth-services/child-and-youth-programs
Fort Eustis,https://installations.militaryonesource.mil/military-installation/fort-eustis/child-and-youth-services/child-and-youth-programs
Fort Gregg-Adams,https://installations.militaryonesource.mil/military-installation/fort-gregg-adams/child-and-youth-services/child-and-youth-programs
Joint Base Myer-Henderson Hall,https://installations.militaryonesource.mil/military-installation/joint-base-myer-henderson-hall/child-and-youth-services/child-and-youth-programs
Joint Expeditionary Base Little Creek - Fort Story,https://installations.militaryonesource.mil/military-installation/joint-expeditionary-base-little-creek---fort-story/child-and-youth-services/child-and-youth-programs
Langley AFB,https://installations.militaryonesource.mil/military-installation/langley-afb/child-and-youth-services/child-and-youth-programs
Marine Corps Base Quantico,https://installations.militaryonesource.mil/military-installation/marine-corps-base-quantico/child-and-youth-services/child-and-youth-programs
Naval Air Station Oceana,https://installations.militaryonesource.mil/military-installation/naval-air-station-oceana/child-and-youth-services/child-and-youth-programs
Naval Air Station Oceana Dam Neck Annex,https://installations.militaryonesource.mil/military-installation/naval-air-station-oceana-dam-neck-annex/child-and-youth-services/child-and-youth-programs
Naval Medical Center Portsmouth,https://installations.militaryonesource.mil/military-installation/naval-medical-center-portsmouth/child-and-youth-services/child-and-youth-programs
Naval Station Norfolk,https://installations.militaryonesource.mil/military-installation/naval-station-norfolk/child-and-youth-services/child-and-youth-programs
Naval Support Activity Hampton Roads,https://installations.militaryonesource.mil/military-installation/naval-support-activity-hampton-roads/child-and-youth-services/child-and-youth-programs
Naval Weapons Station Yorktown,https://installations.militaryonesource.mil/military-installation/naval-weapons-station-yorktown/child-and-youth-services/child-and-youth-programs
Newport News Shipyard,https://installations.militaryonesource.mil/military-installation/newport-news-shipyard/child-and-youth-services/child-and-youth-programs
Norfolk Naval Shipyard,https://installations.militaryonesource.mil/military-installation/norfolk-naval-shipyard/child-and-youth-services/child-and-youth-programs
Surface Combat Systems Center Wallops Island,https://installations.militaryonesource.mil/military-installation/surface-combat-systems-center-wallops-island/child-and-youth-services/child-and-youth-programs
Fairchild AFB,https://installations.militaryonesource.mil/military-installation/fairchild-afb/child-and-youth-services/child-and-youth-programs
Joint Base Lewis-McChord,https://installations.militaryonesource.mil/military-installation/joint-base-lewis-mcchord/child-and-youth-services/child-and-youth-programs
Naval Air Station Whidbey Island,https://installations.militaryonesource.mil/military-installation/naval-air-station-whidbey-island/child-and-youth-services/child-and-youth-programs
Naval Base Kitsap-Bremerton,https://installations.militaryonesource.mil/military-installation/naval-base-kitsap-bremerton/child-and-youth-services/child-and-youth-programs
Naval Station Everett,https://installations.militaryonesource.mil/military-installation/naval-station-everett/child-and-youth-services/child-and-youth-programs
Fort McCoy,https://installations.militaryonesource.mil/military-installation/fort-mccoy/child-and-youth-services/child-and-youth-programs
F. E. Warren AFB,https://installations.militaryonesource.mil/military-installation/f.-e.-warren-afb/child-and-youth-services/child-and-youth-programs
